Region,Year,Buildings,Industry,Land_Use_And_Forestry,Fuel_Combustion,Transport,Manufacturing_And_Construction,Fugitive_Emissions,Electricity_And_Heat,Annual CO₂ emissions (per capita),,,,,
Africa,1990,43130000,22770000,960360000,9180000,112300000,117369990,70380000,241970000,1.1259016,,,,,
Africa,1991,44239996,24380002,960360000,9690001,117560000,109810010,80090000,247780000,1.0334152,,,,,
Africa,1992,45270000,24760000,960360000,9670000,123369990,106540000,80540000,253550000,1.0520681,,,,,
Africa,1993,47690000,24400000,960360000,11870000,122450000,98890000,86689990,265970000,0.9953316,,,,,
Africa,1994,47670000,24900000,960340030,13000000,123950000,91250000,92789990,271810000,1.0287336,,,,,
Africa,1995,47840000,26910000,961050000,14080000,132970000,94330000,104300000,285050000,1.018657,,,,,
Africa,1996,48480000,27449998,961040000,14010000,138490000,102290000,119890000,292549980,1.0659539,,,,,
Africa,1997,50430000,27530000,961099970,13680000,147400020,106860000,108229990,309060000,1.0549282,,,,,
Africa,1998,49970000,28590000,961310000,15099999,147760000,108000000,101580000,323240000,1.067824,,,,,
Africa,1999,50670000,29720000,961709950,14730000,156060000,105110000,97910000,320419970,1.0746223,,,,,
Africa,2000,50930000,30910000,961789950,14150000,160080000,104030000,103270010,328429980,1.0395182,,,,,
Africa,2001,56730000,32430000,995650050,13250000,167480000,107770000,98680000,374500000,1.08272,,,,,
Africa,2002,60490000,34920000,995720000,12500000,175840000,109600000,82619990,385950000,1.0534089,,,,,
Africa,2003,62350000,35260000,995669950,12560000,186250000,113940000,91830000,403630000,1.0374798,,,,,
Africa,2004,64920000,38040000,995720000,14630000,194280000,120000000,88040000,435539970,1.0965167,,,,,
Africa,2005,69280000,41910000,995780030,18670000,198830000,134450000,85730000,440020000,1.1461436,,,,,
Africa,2006,71440000,45730000,995789950,21840000,203590000,133890000,79920000,448170020,1.1399391,,,,,
Africa,2007,79820000,49210000,995760000,23369998,214290000,135750000,70230000,462570020,1.1458483,,,,,
Africa,2008,85020010,51840000,995810000,22840000,228470000,134410000,70810000,500980000,1.1600198,,,,,
Africa,2009,85320000,58059996,995890000,25700000,237790000,145310000,66210000,468520000,1.1792897,,,,,
Africa,2010,67590000,59670000,995950000,29060000,258109980,139410000,69180000,522549980,1.1400827,,,,,
Africa,2011,71500000,58930000,1204090000,30170000,267870000,139150020,59630000,513450020,1.151617,,,,,
Africa,2012,83549990,63770000,1204310000,31740000,290260000,136090000,64879996,542740000,1.1562114,,,,,
Africa,2013,87479990,65690004,1204270100,29300000,315470000,147150000,61830000,547569900,1.1343586,,,,,
Africa,2014,89110000,70070000,1204220000,29130000,329090000,150230000,60530000,576160000,1.1133387,,,,,
Africa,2015,87580000,74070000,1204220000,28350000,332640000,145050000,60880000,568410000,1.1540987,,,,,
Africa,2016,86230000,77400000,1244330100,24210000,346180000,147290020,59600000,570539970,1.1025661,,,,,
Africa,2017,99760000,75920000,1244260000,26920000,348120000,150870000,59500000,578859970,1.1070576,,,,,
Africa,2018,95320000,77310000,1244220000,26440000,358660000,164150020,58930000,580820030,1.0923927,,,,,
Africa,2019,89100000,78270000,1244020000,27510000,364610020,154870000,60610000,604410000,1.055361,,,,,
Africa,2020,88580000,75850000,1244000000,25050000,334660000,145880000,54250000,549870000,1.1057414,,,,,
Asia,1990,772290000,221590000,113909970,370109980,771330050,1651160000,74630010,2132879900,2.035261,,,,,95123871.61
Asia,1991,772800000,245540020,113909970,382060000,800430000,1716170000,80740010,2252630000,2.0592098,,,,,
Asia,1992,759310000,282060000,113919976,380160000,836130000,1730899800,96150000,2409520000,2.2681482,,,,,
Asia,1993,780859970,312340000,113839976,365020000,889920000,1773960000,88640000,2594500000,2.182953,,,,,
Asia,1994,771940030,344259970,113780024,373520000,911620000,1835240000,81120000,2783370000,2.246513,,,,,
Asia,1995,850020030,373820000,114990030,324910000,967650050,2044699900,77920000,2940240000,2.3084388,,,,,
Asia,1996,814199940,391170000,24500038,261850000,1058569900,1937710000,86380000,3154280000,2.366076,,,,,
Asia,1997,873220000,409130020,665310100,312360000,1048589950,1939320000,96049990,3236270000,2.4254918,,,,,
Asia,1998,805550000,401149980,107660030,309919970,1031140030,1979200000,86850000,3311660000,2.423294,,,,,
Asia,1999,845030000,430440000,7559974.5,326240030,1075830000,1860119900,86830000,3430490000,2.3159568,,,,,
Asia,2000,823640000,455140000,47229996,263109980,1202640000,1917020000,95360000,3703370000,2.4097207,,,,,
Asia,2001,823660000,489159970,68450020,272840000,1230730000,1980400000,90510000,3845660200,2.4900038,,,,,
Asia,2002,853820000,512710000,304780000,277370000,1282530000,2040980000,89490000,4120280300,2.5006745,,,,,
Asia,2003,880390000,586610000,33749964,303199970,1335440000,2208470000,100979990,4548280000,2.6108491,,,,,
Asia,2004,941339970,611290000,305730000,320670000,1437339900,2608950000,97420000,4886640000,2.8309495,,,,,
Asia,2005,968500000,664440000,100350000,338020000,1486449900,3092940000,99000000,5152900000,2.9715598,,,,,
Asia,2006,992690000,735130000,394780060,349980000,1538830000,3322580000,101520010,5615839700,3.1476016,,,,,
Asia,2007,1018880000,798770050,31819972,352709980,1631440000,3588429800,92470000,6072300500,3.3191297,,,,,
Asia,2008,1023440000,825680060,41150000,361390000,1697800100,3742089700,94310000,6224179700,3.4544744,,,,,
Asia,2009,1016500000,895050000,261620000,362140000,1753590000,3942649900,92570000,6512659500,3.5946805,,,,,
Asia,2010,1055500000,966779970,29000016,368229980,1842500000,4331140000,88580000,7081890300,3.684339,,,,,
Asia,2011,1101100000,1054240000,129909960,353370000,1950020000,4560570000,93820000,7772739600,3.9186177,,,,,
Asia,2012,1094820000,1081290000,120459950,378930000,2085800100,4573070000,100930000,8146220000,4.158906,,,,,
Asia,2013,1120920000,1137900000,138070000,379610000,2179780000,4597800400,102470000,8509170000,4.2775507,,,,,
Asia,2014,1125630000,1183940000,126570010,377840000,2249379800,4664580000,106170000,8596431000,4.2886057,,,,,
Asia,2015,1160990000,1129840000,150260000,379190000,2358560000,4563889700,108110000,8511269400,4.321491,,,,,
Asia,2016,1195460000,1172300000,36290004,378050000,2408500000,4411289600,115510000,8693340000,4.3081627,,,,,
Asia,2017,1227360000,1193320100,70099970,375720000,2502990000,4343730000,113200000,9149839000,4.286941,,,,,
Asia,2018,1186890000,1255690000,74540010,353850020,2610510000,4463849500,108130010,9632950000,4.3631473,,,,,
Asia,2019,1156640000,1303010000,250640050,339880000,2608599800,4485200000,101870000,9837929000,4.4538226,,,,,
Asia,2020,1158040000,1324710000,49260004,334309980,2403840000,4515950000,101110000,9740120000,4.5150557,,,,,
China,1990,384680000,84510000,347280000,139450000,94150000,745200000,4392499,725360000,2.1717405,,,,,
China,1991,383269980,101300000,347280000,143840000,100620000,778830000,4392499,794330050,2.1538057,,,,,
China,1992,360020000,122400000,347280000,139090000,111100000,807800000,4392499,877750000,2.226241,,,,,
China,1993,370429980,142800000,347280000,145410000,125700000,861540000,1880000,997650050,2.306772,,,,,
China,1994,341370000,164400000,347280000,155580000,116350000,903380030,3760000,1082830000,2.443147,,,,,
China,1995,365700000,184600000,347240000,151320000,127370000,1070170050,3760000,1185700000,2.567743,,,,,
China,1996,313800000,192900000,347230000,89340000,169850000,968660000,5620000,1330330000,2.7565773,,,,,
China,1997,352620000,202900000,347230000,137760000,146130000,961130000,5460000,1328110000,2.8521018,,,,,
China,1998,298690020,211400000,347220000,148340000,140290000,1023820000,4159999.8,1409579900,2.8358095,,,,,
China,1999,305360000,228300000,347200000,153920000,157360000,871490000,4460000,1432760000,2.6951861,,,,,
China,2000,274120000,244400000,347190000,95500000,248480000,904050000,4770000,1575210000,2.829973,,,,,
China,2001,277730020,270800000,330070000,101500000,254250000,958840000,4820000,1661150100,2.8830526,,,,,
China,2002,283610000,282700000,330080000,111650000,276440000,996750000,4520000,1840480000,2.92576,,,,,
China,2003,308480000,353700000,330070000,129030000,313140000,1136150000,5220000,2178690000,3.2105358,,,,,
China,2004,352570020,368400000,330050000,141820000,371140000,1497940000,5230000,2376120000,3.7454772,,,,,
China,2005,365460000,411600000,330050000,156170000,397309980,1935750000,5630000,2552710000,4.0281363,,,,,
China,2006,384120000,470100000,330050000,160900000,434810000,2083310100,5570000,2898659800,4.5034957,,,,,
China,2007,398280000,515000000,330050000,160920000,468580000,2274400000,4920000,3171090200,4.941642,,,,,
China,2008,383250000,525900030,330040000,160460000,507070000,2409720000,4730000,3208470000,5.280773,,,,,
China,2009,391660000,583600000,330029980,165300000,517070000,2601240000,4540000,3455649800,5.6360073,,,,,
China,2010,416400000,639600000,330029980,169360000,568780000,2844070100,4730000,3831980000,5.889315,,,,,
China,2011,440720000,708600000,707970000,177540000,621890000,3004770000,4920000,4324110000,6.3912683,,,,,
China,2012,457220000,714800000,707970000,185940000,686130000,3042030000,3690000,4450730000,7.0212865,,,,,
China,2013,476570020,748299970,707979970,198480000,741090050,3068120000,3610000,4742950400,7.156126,,,,,
China,2014,486750000,778600000,707979970,197220000,770349950,3094690000,3980000,4689450000,7.235162,,,,,
China,2015,514850000,722000000,707979970,202030000,828460000,2994250000,3930000,4593759700,7.218232,,,,,
China,2016,523140000,743000000,647909950,201800000,845360000,2845899800,3710000,4698000000,7.079569,,,,,
China,2017,530050000,758200000,647909950,193310000,877820000,2691610000,2950000,5035330000,6.965584,,,,,
China,2018,492800000,786700000,647909950,171990000,947659970,2783730000,3450000,5380940000,7.0986867,,,,,
China,2019,457309980,826900030,647850000,159050000,939620000,2785930000,3820000,5590200300,7.306542,,,,,
China,2020,454380000,858200000,647850000,158390000,896130000,2887530000,5150000,5684900000,7.5541654,,,,,
Europe,1990,1076100000,98170000,610740000,261010020,1158450000,1236000000,6720000.5,3450870000,10.880137,,,856654843.2,,
Europe,1991,1090440000,90700000,610740000,252230020,1171290000,1137150100,7189999.5,3422510000,11.126495,,,,,
Europe,1992,979250000,132649990,610780000,186000000,1150830000,1042020030,51830000,3296429800,10.684244,,,,,
Europe,1993,987880000,119810000,610840000,214250000,1104449900,938690000,66059996,3079510000,9.775786,,,,,
Europe,1994,921920060,119150000,610930000,169610000,1074699900,884550000,81220000,2936050200,9.363284,,,,,
Europe,1995,912190000,120970000,610290050,169450000,1067670000,938000000,82540000,2870480000,8.860729,,,,,
Europe,1996,970890000,112820000,610709950,157650000,1085790100,905500000,76520010,2892930000,8.8288355,,,,,
Europe,1997,906299970,114930000,611010000,151660000,1091729900,886140000,72610000,2766720000,8.8913765,,,,,
Europe,1998,882070000,117100000,610460000,137690000,1147180000,838780000,78619990,2764570000,8.608361,,,,,
Europe,1999,887500000,118890000,608920000,131000000,1161940100,819360000,77049990,2723410000,8.574693,,,,,
Europe,2000,859200000,122080000,607890000,133780000,1150520000,855800000,83219990,2761109800,8.463976,,,,,
Europe,2001,900070000,120360000,1057349950,132750000,1173040000,851930050,85140000,2783520000,8.464398,,,,,
Europe,2002,857360000,121420000,1057760000,128660000,1188280000,834859970,90180000,2807590100,8.640642,,,,,
Europe,2003,888260030,125210000,1058289900,122470000,1213760000,847959940,105530000,2908370200,8.595386,,,,,
Europe,2004,880640000,132670000,1058500000,123640000,1254320100,832220000,99600000,2869600000,8.788043,,,,,
Europe,2005,870140000,135360000,1058349950,117410000,1253500000,796950000,115200010,2880800000,8.823419,,,,,
Europe,2006,871880000,141500000,1058490000,108280000,1277960000,785290000,99750000,2952580000,8.800078,,,,,
Europe,2007,789000000,150610000,1058580000,106900000,1298860000,806760000,103090000,2937660200,8.924422,,,,,
Europe,2008,843380030,138980000,1058850100,105320000,1293410000,779229950,83230000,2845590000,8.846204,,,,,
Europe,2009,807050000,111590000,1058890000,95480000,1237239900,662190000,92130000,2620460000,8.722755,,,,,
Europe,2010,845660000,113660000,1058260030,96460000,1246920100,713000000,70569990,2739680000,8.004906,,,,,
Europe,2011,759260000,116290000,1179180000,97530000,1245050100,718310000,74280000,2779500000,8.301425,,,,,
Europe,2012,762240000,112090000,1178699900,93690000,1199210000,740330050,46710000,2761980000,8.186117,,,,,
Europe,2013,772530050,109960000,1178670100,93860000,1194520000,727659970,41200000,2636850200,8.103518,,,,,
Europe,2014,692650000,112540000,1178830000,92590000,1201620000,737510000,38130000,2452240000,7.877439,,,,,
Europe,2015,722859970,108110000,1178790000,90050000,1213180000,719140030,40460004,2411980000,7.555133,,,,,
Europe,2016,747860000,105790000,708310100,90940000,1236710000,723200000,45670000,2339449900,7.5455537,,,,,
Europe,2017,762720000,108210000,708180000,91660000,1258520000,720970000,40610000,2314780000,7.5237627,,,,,
Europe,2018,786030000,109200000,706729900,99510000,1269569900,720600000,42760000,2276609800,7.5547857,,,,,
Europe,2019,769190000,109830000,706330050,97680000,1273500000,735419970,46130000,2148099800,7.5096135,,,,,
Europe,2020,753780030,106600000,705880000,97570000,1105780000,709480000,49110000,1952260000,7.263965,,,,,
India,1990,56410000,22350000,222390000,28300000,64379996,149110000,11110000,231920000,0.6345581,,,,,
India,1991,59280000,24500000,222390000,33080002,66930000,153200000,11260000,258970000,0.66401875,,,,,
India,1992,58560000,25160000,222390000,33029998,68550000,156650000,5770000,278570020,0.692245,,,,,
India,1993,58880000,26600000,222390000,32130002,68550000,154530000,3860000,306800000,0.7221973,,,,,
India,1994,63490000,28540000,222390000,36920000,70810000,164340000,1950000,319860000,0.7311479,,,,,
India,1995,65379996,31100000,222370000,39070000,78290000,156700000,2420000,364890020,0.75774616,,,,,
India,1996,67270000,34080000,222370000,41620000,83800000,156920000,2250000,388130020,0.78965646,,,,,
India,1997,72900000,37420000,222370000,45130000,85800000,173130000,2780000,402100000,0.8392318,,,,,
India,1998,70400000,39030000,222370000,35100000,88780000,182580000,2240000,418140000,0.85693395,,,,,
India,1999,73440000,44590000,222390000,40380000,93310000,187800000,2150000,459650000,0.8585494,,,,,
India,2000,72680000,45960000,222410000,38540000,95090000,192270000,2069999.9,491240000,0.9139364,,,,,
India,2001,71320000,46740000,3680000,39270000,94920000,193980000,1950000,505360000,0.92305845,,,,,
India,2002,74620000,49110000,3680000,41050000,97740000,207670000,1680000,513580030,0.91914594,,,,,
India,2003,76710000,50880000,3670000,47940000,99530000,198420000,1880000,536410000,0.9306775,,,,,
India,2004,79030000,55540000,3670000,48200000,108050000,208260000,1860000,584730000,0.9474771,,,,,
India,2005,79920000,59690000,3650000,47470000,115400000,232620000,1790000,599570000,0.9896619,,,,,
India,2006,81340000,64910004,3650000,46840000,120650000,260310000,1830000,639330050,1.0262314,,,,,
India,2007,83340000,68330000,3650000,41620000,142980000,295260000,1940000,703280000,1.0735854,,,,,
India,2008,85390000,73240000,3650000,70500000,163210000,308180000,1980000,721880000,1.1405921,,,,,
India,2009,89560000,81270000,3660000,68240000,178710000,355580000,2000000,789510000,1.2111346,,,,,
India,2010,92710000,86030000,3650000,68810000,192920000,398020000,1810000,819680000,1.3169036,,,,,
India,2011,96720000,91310000,66160004,52970000,209290000,443410020,2820000,860229950,1.3513434,,,,,
India,2012,97450000,100200000,66160004,65430000,221520000,431900000,3820000,989110000,1.414156,,,,,
India,2013,99590000,107800000,66160004,59890000,226260000,469390000,3480000,1006040000,1.539909,,,,,
India,2014,103750000,115800000,66160004,64089996,235750000,500530000,3760000,1123430000,1.5780071,,,,,
India,2015,107820000,117500000,66160004,64339996,257750000,503100000,4400000,1103120000,1.6732446,,,,,
India,2016,111860000,123300000,35590000,66220000,269390000,524039970,4120000,1096320000,1.7165496,,,,,
India,2017,114190000,121000000,35590000,69020000,291230000,555460030,3000000,1154900000,1.7807794,,,,,
India,2018,118940000,139000000,35590000,71110000,305330000,565290000,2680000,1255819900,1.7980177,,,,,
India,2019,123250000,143700000,35630000,69090000,307860000,549349950,2620000,1228080000,1.8995181,,,,,
India,2020,124570000,122900000,35630000,64170000,269549980,501320000,2980000,1115350000,1.8989491,,,,,
North America,1990,634750000,54390000,265209980,82330000,1653980000,755589950,19390000,2418710000,14.505268,,,,,
North America,1991,644870000,52190004,265209980,79450010,1627870000,711080000,20810000,2451609900,14.233326,,,,,
North America,1992,658320000,52880004,265209980,63070000,1663870000,658560000,20650000,2558940000,13.886369,,,,,
North America,1993,682320000,55600000,265359980,60850000,1691639900,669920000,16560001,2616530000,13.958251,,,,,
North America,1994,675079940,59480004,265509980,61550004,1757310100,678120000,12389999,2665099800,13.985144,,,,,
North America,1995,678650000,58460000,264810000,62290000,1785980000,629680000,13790000,2727619800,14.055856,,,,,
North America,1996,720500000,59820000,264780000,64960000,1832049900,639220030,14610000,2814540000,13.991476,,,,,
North America,1997,701440000,62740000,264729980,66420000,1867470000,662140000,15610001,3081430000,14.287103,,,,,
North America,1998,643050000,64440004,264389980,61750000,1912910000,667909950,16160000,3176670000,14.344584,,,,,
North America,1999,663069950,66220000,263940000,60450000,1966590100,652640000,14110001,3139609900,14.302565,,,,,
North America,2000,703589950,68720000,263590030,63810000,2001870000,725390000,13300000,3200390000,14.3144045,,,,,
North America,2001,681910000,68320000,102880010,65680000,2005200100,689080000,12559999,3222920000,14.640639,,,,,
North America,2002,689970000,70890000,102810000,67010004,2041890000,640890000,10850000,3096600000,14.275955,,,,,
North America,2003,716180000,71380000,102789976,63290000,2076050000,638000000,11750000,3148810000,14.215655,,,,,
North America,2004,698750000,74930000,102769990,74410000,2109490000,671060000,9440001,3168160300,14.283562,,,,,
North America,2005,677130000,76940000,102910000,78640000,2141339900,628449900,10230000,3245190000,14.319608,,,,,
North America,2006,618410050,79369990,103060000,84250000,2146440000,655690000,11180000,3178300200,14.252505,,,,,
North America,2007,653850000,79619990,103240024,80850000,2163149800,644460000,13230000,3266649900,13.974235,,,,,
North America,2008,660330050,74670000,103350040,78960000,2068580100,629050000,15030001,3172700200,14.034128,,,,,
North America,2009,652360000,59740000,103360020,74119990,1975920000,538750000,15370001,2938420200,13.472152,,,,,
North America,2010,642490000,61470000,103330020,78020010,2041590000,614070000,19020000,3068280000,12.425301,,,,,
North America,2011,624310000,63080000,227099980,76090000,1997649900,593839940,22520000,2961130000,12.679967,,,,,
North America,2012,557990000,67580000,227110000,74729990,1963870000,593050000,29550002,2841020000,12.360246,,,,,
North America,2013,627920000,67180000,227210000,79250000,2016180000,591570000,29520000,2852700000,11.900738,,,,,
North America,2014,648920060,71259990,227290020,78190000,2009290000,583349950,35630000,2844930000,12.021724,,,,,
North America,2015,612699970,73030000,227310020,79369990,2072790000,588560000,36340000,2706310100,11.97086,,,,,
North America,2016,593470000,73590000,126579990,76990000,2091780000,592090000,29160000,2616680000,11.605357,,,,,
North America,2017,599270000,75670000,126540010,77090000,2105909900,590200000,28330000,2526080000,11.248419,,,,,
North America,2018,656980000,74230000,126149990,78810000,2147929900,598210000,37090000,2552000000,11.065066,,,,,
North America,2019,655600060,74770010,125920000,69820000,2139619800,587800000,43770000,2413130000,11.294325,,,,,
North America,2020,610830000,74410000,125860010,61840000,1814810100,574030000,36140000,2179520000,11.013043,,,,,
Oceania,1990,10240000,3940000,49260000,5060000,72070000,49230000,560000,148130000,11.843143,,,,,
Oceania,1991,10160000,3650000,49230000,4970000.5,70650000,49620000,640000,151150000,11.674601,,,,,
Oceania,1992,10590000,3430000,49230000,5120000,72750000,49330000,500000,154950000,11.551355,,,,,
Oceania,1993,10660000,3530000,49230000,5250000,74340000,50480000,1099999.9,155640000,11.631188,,,,,
Oceania,1994,10730000,4020000,49230000,5400000,76670010,52449996,1710000,157230000,11.617517,,,,,
Oceania,1995,11180000,3940000,51170000,5440000,80110000,52989996,1470000,163380000,11.628967,,,,,
Oceania,1996,11460000,3780000,51149996,5490000,82770000,52880000,1740000,171680000,11.8474655,,,,,
Oceania,1997,11580000,3760000,51280000,5820000,84400000,54130000,1530000,178700000,11.950413,,,,,
Oceania,1998,11820000,4010000.2,51789996,5930000,84580000,54030000,1360000,197680000,12.118166,,,,,
Oceania,1999,11760000,4090000.2,52879996,6060000,86189990,53860000,1360000,203600000,12.361206,,,,,
Oceania,2000,12120000,4190000,53980000,5799999.5,89070000,55190004,1170000,206280000,12.539224,,,,,
Oceania,2001,12410000,4069999.8,33419998,5899999.5,88710000,54969996,1100000,215780000,12.592531,,,,,
Oceania,2002,12670000,4040000,33660000,6840000,90820000,45840000,890000,229519980,12.718007,,,,,
Oceania,2003,13030001,4109999.8,33500000,8069999.5,91760000,51890000,1000000,222879980,12.675596,,,,,
Oceania,2004,13090000,4050000.2,33580000,7970000.5,94970000,52789996,900000,232440000,12.791459,,,,,
Oceania,2005,13099999,4240000,33369998,8389999,95200010,50320000,909999.94,237599980,13.005502,,,,,
Oceania,2006,13170000,4430000.5,33129998,7980000,97340000,49300000,710000,242310000,12.943587,,,,,
Oceania,2007,13440000,4660000,32949996,8059999.5,99770010,50460000,720000,247820000,12.899719,,,,,
Oceania,2008,13380000,4500000,32460000,8029999.5,101450010,51950000,830000,248599980,12.8985405,,,,,
Oceania,2009,14099999,4420000,32279998,7790000,100610000,47910000,900000,256560000,12.7551365,,,,,
Oceania,2010,14320001,4110000.2,32250000,7950000,103729990,44140000,730000,259639980,12.514546,,,,,
Oceania,2011,14760000,4029999.8,32860000,8020000.5,106030000,46350000,1210000,252050000,12.261307,,,,,
Oceania,2012,15090000,4090000.2,32879998,8269999.5,106770000,47760004,1850000,251350000,12.01968,,,,,
Oceania,2013,15350000,3880000,32939998,8290000,108460000,48640000,1740000,241740000,11.915572,,,,,
Oceania,2014,15910000,3760000.2,33029998,8310000.5,108940000,49379996,2410000,231110000,11.4951725,,,,,
Oceania,2015,16250000,3699999.8,33029998,8590000,111730000,45920000,2520000,238460000,11.263558,,,,,
Oceania,2016,16400000,3420000,68759990,8910000,113340000,47700000,1660000.1,243840000,11.273459,,,,,
Oceania,2017,16490000,3460000,68720000,9440001,115860000,47760004,1510000,244900020,11.293348,,,,,
Oceania,2018,16410000,3360000.2,68830000,9430000,118590000,49790000,1900000.1,239070000,11.2062235,,,,,
Oceania,2019,16490000,3450000,69020010,8090000,118880010,50440004,2950000,239390000,11.087394,,,,,
Oceania,2020,16840000,3199999.8,69380010,7580000,108950000,48870000,2140000,230420020,10.935834,,,,,
South America,1990,51530000,21340000,1515139800,19040000,185130000,111610000,20230000,124720000,1.9873136,,,,,
South America,1991,50660000,23010000,1515139800,19330000,192900000,118660000,19619998,123020010,2.0188978,,,,,
South America,1992,52480000,21750000,1515139800,20860000,197849980,119330000,19430000,128140000,2.007734,,,,,
South America,1993,54540000,23230000,1515870000,22840000,208330000,125880000,16660000,128000000,2.0114443,,,,,
South America,1994,54440004,24710000,1515870000,27550002,214440000,131380010,13880000,127840000,2.0880034,,,,,
South America,1995,56640000,26420000,1516300000,26370000,232500000,139040000,15610001,135850000,2.107933,,,,,
South America,1996,57810000,28540000,1516550000,27769998,253360020,150300000,15240000,149110000,2.1664145,,,,,
South America,1997,58090000,31290000,1516620000,29150000,261130000,162850000,17600000,164520000,2.2117867,,,,,
South America,1998,58660000,32450000,1516670100,25970000,270869980,161060000,17260000,175370000,2.297865,,,,,
South America,1999,62720000,31300002,1516990000,27200000,262870000,156700000,16549999,185720000,2.4177444,,,,,
South America,2000,63570000,31029998,1517020000,28369998,261310000,165209980,16490000,191830000,2.435172,,,,,
South America,2001,62830000,29930000,1537329800,29760000,262849970,163850000,15230000,194340000,2.3488324,,,,,
South America,2002,62380000,27640002,1537359900,29110000,262949980,168880000,13210000,189620000,2.3475196,,,,,
South America,2003,60010004,27620000,1537350000,30080000,258400000,168530000,12580000,195900000,2.3583143,,,,,
South America,2004,62300000,27430000,1538150000,32520000,275539970,175320000,12320000,214930000,2.3596284,,,,,
South America,2005,62960000,30420002,1538120000,33940000,284670000,175049980,13140000,220709980,2.356813,,,,,
South America,2006,62760000,34770000,1538120000,33529998,295620000,173760020,11630000,226180000,2.4214656,,,,,
South America,2007,73740000,36160004,1538100000,36750000,311100000,168620000,11200000,233440000,2.4229798,,,,,
South America,2008,68369990,38340000,1538140000,38680000,325220000,175410000,12770000,259290020,2.4694881,,,,,
South America,2009,67729990,38050000,1538130000,37700000,320740000,161040020,14050000,252510020,2.6168232,,,,,
South America,2010,72189990,40350000,1538150000,38440000,346940000,194070000,13440000,269549980,2.5498068,,,,,
South America,2011,74200000,43330000,663899970,38710004,375240000,206750000,15210000,265860020,2.7538428,,,,,
South America,2012,75370000,46470000,663870000,38989996,399740000,197519980,24520000,299630000,2.7807198,,,,,
South America,2013,77130000,49250000,663900000,43500000,413180000,200540020,26230000,325910000,2.8529458,,,,,
South America,2014,76250000,49810000,664059970,42940000,416060000,197690000,28670000,346940000,2.9865732,,,,,
South America,2015,75050000,48410000,664050000,42330000,403259970,181840000,26980000,353190000,3.004437,,,,,
South America,2016,76650000,43970000,733780030,42130000,401850020,166620000,26680000,329980000,2.8897057,,,,,
South America,2017,75040000,41560000,733910000,42870000,404589980,172630000,20630002,313610000,2.7638276,,,,,
South America,2018,75040000,40560000,734040000,41210000,396989980,172100000,22950000,294380000,2.6726105,,,,,
South America,2019,71630010,41070000,734110000,39630000,400230000,159660000,26420000,281260000,2.5065114,,,,,
South America,2020,70730000,41330000,734150000,38620000,352709980,150860000,24590000,245100000,2.505585,,,,,
United States,1990,545480000,33480000,408780000,66320000,1426970000,604440000,8040000,2159790000,20.951412,,,,,
United States,1991,555179970,32740002,408780000,64050004,1399670000,566880000,9070000,2179910000,20.648254,,,,,
United States,1992,565060000,32990002,408780000,47370000,1430660100,517640000,8940000,2276970000,20.134295,,,,,
United States,1993,585570000,34840000,408930000,45000000,1454190000,532419970,7670000,2335520000,20.281036,,,,,
United States,1994,575850000,36310000,409080000,45770000,1506900000,534850000,6430000,2360700000,20.381666,,,,,
United States,1995,580040000,37080000,408850020,45810000,1537760000,486800000,6120000,2423430000,20.457945,,,,,
United States,1996,616370000,37310000,408900000,46950000,1577189900,485920000,5700000,2504040000,20.43133,,,,,
United States,1997,600059970,38560000,408930000,47410000,1602130000,506730020,5960000,2742500000,20.880138,,,,,
United States,1998,548570000,39460000,408860000,43560000,1640360000,512740000,5690000,2800150000,20.895596,,,,,
United States,1999,567349950,40240000,408760000,41280000,1686180100,499360000,4960000,2769650000,20.799135,,,,,
United States,2000,599120000,41450000,408670000,44340000,1717850000,567120000,4540000,2801389800,20.812017,,,,,
United States,2001,581690000,41610000,391570020,47590000,1720040100,540010000,4550000,2812770000,21.304466,,,,,
United States,2002,582859970,43160000,391560000,50340000,1741640100,490820000,4450000,2679750000,20.70963,,,,,
United States,2003,605739970,43350000,391560000,45090000,1766750000,485420000,4950000,2707690000,20.643988,,,,,
United States,2004,590280000,45890000,391600000,56030000,1788670100,511670000,3690000,2742060000,20.665068,,,,,
United States,2005,571930000,46190000,391650000,54970000,1807720000,477330000,4150000,2791210000,20.813087,,,,,
United States,2006,517530020,46850000,391700000,60080000,1806020000,495820000,3830000,2722960000,20.676287,,,,,
United States,2007,549000000,45510000,391760000,55800000,1806370000,486010020,4139999.8,2789490000,20.207176,,,,,
United States,2008,556240000,41420000,391820000,53570000,1708270100,474770000,4510000,2719590100,20.265636,,,,,
United States,2009,551360000,29610000,391850020,50070000,1622550000,407540000,6190000,2489110000,19.362011,,,,,
United States,2010,545050000,31450000,391850020,51340000,1679770000,466330000,8610000,2609560000,17.772331,,,,,
United States,2011,522210020,32210000,408900000,47950000,1633590000,435690020,13280000,2488670000,18.257408,,,,,
United States,2012,460540000,35270000,408950000,46100000,1597530000,438570020,17840000,2360200000,17.671368,,,,,
United States,2013,528010020,36370000,409070000,50150000,1646939900,434890020,17200000,2378540000,16.881199,,,,,
United States,2014,545080000,39440000,409130020,48190000,1639850000,437260000,21200000,2376190000,17.161404,,,,,
United States,2015,512539970,39910000,409170020,48120000,1700050000,433880000,22180000,2234020000,17.168596,,,,,
United States,2016,496470000,39440000,221680000,46250000,1711220000,439020000,16580000,2145510000,16.563307,,,,,
United States,2017,497900000,40320000,221710000,45460000,1724020000,429410020,17740000,2064520100,16.050102,,,,,
United States,2018,550680000,38970000,221590000,46250000,1762240000,454060000,26330000,2096770000,15.800776,,,,,
United States,2019,550590000,40900000,221450000,39190000,1757339900,439050000,32360000,1958270100,16.187923,,,,,
United States,2020,510930000,40690000,221460000,36290000,1507920000,437750000,22100000,1764849900,15.730885,,,,,
World,1990,2597070000,493630000,1770160000,753430000,4610530000,3955530000,264480020,8609380000,4.2901363,,,,,
World,1991,2622220000,507470000,1770160000,754229950,4648130000,3878290000,280050000,8750111000,4.280799,,,,,
World,1992,2514270000,528520030,1770160000,670550000,4753049600,3745440000,269260000,8908960000,4.2996206,,,,,
World,1993,2572450000,551290000,1770600000,685380030,4794480000,3695919900,275810000,8956490000,4.110925,,,,,
World,1994,2491060000,588410000,1770270100,656960000,4890290000,3712409900,283240000,9054540000,4.0902147,,,,,
World,1995,2565379800,622180000,1775870000,608310000,5025110000,3938990000,295770000,9243450000,4.0576935,,,,,
World,1996,2633030100,635030000,1636160000,537200000,5230480000,3829040000,314520000,9599679000,4.084593,,,,,
World,1997,2610050000,660770050,2326000000,584840000,5306430000,3854790100,311890020,9873849000,4.14743,,,,,
World,1998,2460680000,658299970,1770010000,561460030,5430200300,3854500000,302820000,10097590000,4.114562,,,,,
World,1999,2531110100,690480000,1673680000,570510000,5590919700,3696840200,294510000,10156049000,4.044095,,,,,
World,2000,2523649800,721460030,1621540100,512539970,5770750000,3872500000,313670000,10565701000,4.076034,,,,,
World,2001,2548719900,753870000,1344160000,523979970,5800200000,3895320000,303540000,10818810000,4.1395416,,,,,
World,2002,2547920000,781860000,1717420000,525120000,5952160300,3890090000,287630000,11004730000,4.119578,,,,,
World,2003,2632090000,860000000,1445670000,543669950,6077070000,4075800000,323989980,11620799000,4.1633935,,,,,
World,2004,2672960000,898539970,1718350000,578349950,6359120000,4506900000,308340000,12007640000,4.324685,,,,,
World,2005,2672780000,963850000,1512820000,598810000,6499480000,4924030000,325070000,12387790000,4.4221425,,,,,
World,2006,2641860000,1051280000,1806750000,608310000,6651230000,5167870000,305820000,12881809000,4.5156765,,,,,
World,2007,2640350200,1129120000,1379660000,610490000,6858690000,5441380000,291800000,13447160000,4.606415,,,,,
World,2008,2705660000,1143290000,1369500000,617430000,6862070000,5555030000,278000000,13470820000,4.684364,,,,,
World,2009,2654659800,1175400100,1672060000,605430000,6722490400,5537520000,281610000,13260930000,4.7104716,,,,,
World,2010,2709190000,1254830000,1382220000,620299970,7009670000,6079920000,261799980,14160170000,4.5756207,,,,,
World,2011,2656220000,1349130000,306490000,605730000,7124379600,6310180400,267180000,14766910000,4.7761583,,,,,
World,2012,2599740000,1384080000,316570020,628480000,7182680000,6331650000,269230000,15064231000,4.8757815,,,,,
World,2013,2711929900,1442790000,298850020,635930000,7370300000,6358370300,264070000,15336509000,4.887985,,,,,
World,2014,2659180000,1499370000,563229950,631099970,7494290000,6424910300,273040000,15279481000,4.8712153,,,,,
World,2015,2685930000,1444370000,586909950,630210050,7728980000,6286109700,276600000,15017981000,4.8477273,,,,,
World,2016,2726920000,1482760100,1181890000,623450000,7876050000,6130390000,279690020,15026400000,4.7880025,,,,,
World,2017,2791330000,1504380000,1148270100,625530050,8075510000,6067399700,264940000,15358760000,4.7280645,,,,,
World,2018,2827030000,1566530000,1294930000,611179970,8268840000,6206350300,272840000,15807790000,4.749682,,,,,
World,2019,2768840200,1616720000,1471729900,584560000,8266929700,6210310000,282829980,15747060000,4.792753,,,,,
World,2020,2709140000,1632640000,1172689900,566789950,7098320000,6180450300,268340000,15110750000,4.7756333,,,,,
Canada,1990,62820000,5820000,82040000,7340000,124670000,76390000,4410000,138040000,16.567774,,,,,
Canada,1991,62320000,4770000,82040000,7390000,120950000,74340000,4810000,138720000,16.06095,,,,,
Canada,1992,64220000,4800000,82040000,7990000,125210000,73400000,5020000,145720000,16.359688,,,,,
Canada,1993,67350000,4890000,82040000,8340000,127180000,73290000,3580000,137400000,16.196068,,,,,
Canada,1994,68570000,5770000,82040000,8430000,133420000,76450000,2160000,141970000,16.518518,,,,,
Canada,1995,67640000,6530000,82500000,8930000,137090000,77570000,2970000,147310000,16.776932,,,,,
Canada,1996,73130000,6190000,82570000,9490000,140440000,81120000,2750000,148590000,17.149193,,,,,
Canada,1997,70430000,6660000,82650000,9890000,144850000,81060000,2700000,161230000,17.462915,,,,,
Canada,1998,63290000,6830000,82910000,9520000,147470000,78350000,3760000,175570000,17.57017,,,,,
Canada,1999,66480004,7120000,83230000,9800000,151160000,79080000,3450000,177200000,17.896967,,,,,
Canada,2000,71890000,7230000,83500000,9970000,149970000,82600000,3530000,189030000,18.46901,,,,,
Canada,2001,68670000,6980000,319300000,8840000,147790000,76620000,3470000,194240000,18.023472,,,,,
Canada,2002,75420000,7150000,319370000,7870000,159650000,77890000,2760000,193620000,18.007908,,,,,
Canada,2003,79410000,7250000,319390000,8080000,162280000,81250000,3030000,203260000,18.384417,,,,,
Canada,2004,76430000,7520000,319450020,8060000.5,166390000,83350000,2720000,191950000,18.162386,,,,,
Canada,2005,74580000,7610000,319360000,12720000,170620000,69180000,2490000,211830000,17.83757,,,,,
Canada,2006,69830000,7730000,319260000,12970000,169410000,66680000,3240000,210670000,17.473667,,,,,
Canada,2007,74650000,7730000,319130020,13770000,175760000,67470000,3780000,228470000,18.060602,,,,,
Canada,2008,74000000,6990000,319080000,14050000,174010000,64960000,3600000,212940000,17.356522,,,,,
Canada,2009,71930000,5360000,319080000,11790000,169480000,57560000,3450000,201830000,16.192442,,,,,
Canada,2010,67740000,6010000,319109980,14140000,174680000,61910000,4800000,207810000,16.387062,,,,,
Canada,2011,72900000,6020000,153040000,15730000,175060000,66040000,4610000,209000000,16.520855,,,,,
Canada,2012,67610000,6530000,153070000,15410000,176780000,67070000,2440000,210440000,16.379143,,,,,
Canada,2013,70390000,5970000,153090000,16150000,181690000,65100000,2970000,213480000,16.33066,,,,,
Canada,2014,74280000,5910000,153090000,17090000,180070000,64360000,3980000,216060000,16.095068,,,,,
Canada,2015,70690000,6190000,153110000,17410000,179820000,64910004,3500000,216230000,16.072325,,,,,
Canada,2016,68290000,6110000,53060000,17550000,180220000,69540000,2510000,212650000,15.521199,,,,,
Canada,2017,72610000,6860000,53120000,18070000,185330000,70650000,2590000,212070000,15.635478,,,,,
Canada,2018,77810000,6990000,53400000,18820000,192130000,70520000,2570000,210740000,15.778724,,,,,
Canada,2019,76820000,7200000,53540000,17950000,183390000,71260000,2030000,207370000,15.5829935,,,,,
Canada,2020,72770000,6710000,53610000,16660000,158480000,66559996,2079999.9,193610000,14.11671,,,,,
France,1990,85630000,10940000,24320000,11110000,113230000,60550000,31250,74840000,6.973989,,,,,
France,1991,95240000,10390000,24320000,11350000,116850000,61000000,31250,85860000,7.385745,,,,,
France,1992,92810000,9340000,24320000,11500000,119360000,61370000,31250,74280000,7.1512375,,,,,
France,1993,89770000,8590000,24320000,11720000,120480000,57490000,31250,61470000,6.802012,,,,,
France,1994,84320000,8780000,24330000,11450000,121380000,57200000,31250,61350000,6.6732216,,,,,
France,1995,84210000,8640000,24320000,11480000,122320000,59370000,31250,66269996,6.726915,,,,,
France,1996,93050000,8440000,24320000,11720000,122120000,62630000,31250,70000000,6.96548,,,,,
France,1997,87610000,8109999.5,24330000,11650000,124640000,61620000,31250,65510004,6.8110213,,,,,
France,1998,91070000,8690000,24340000,13770000,129119990,58470000,31250,80070000,7.121762,,,,,
France,1999,92510000,8390000,24370000,13790000,129520010,56620000,31250,74180000,7.063711,,,,,
France,2000,85700000,8560000,24380000,13800000,132479990,55450000,31250,77250000,6.934727,,,,,
France,2001,90650000,8660000,65760004,14110000,134220000,59340000,31250,69880000,6.974761,,,,,
France,2002,84320000,8640000,65800004,14290000,134140000,57160000,31250,72620000,6.8683066,,,,,
France,2003,89110000,8560000,65850000,14450000,132820010,56630000,31250,75270000,6.9068575,,,,,
France,2004,92870000,9070000,65920000,14930000,133060000,53080000,31250,74940000,6.883891,,,,,
France,2005,90400000,9110000,65920000,14480000,130800000,55130000,31250,80900000,6.877628,,,,,
France,2006,85630000,9310000,65920000,14090000,131119990,54840000,31250,76750000,6.6721606,,,,,
France,2007,77100000,9480000,65920000,13700000,130289990,54030000,31250,78460000,6.4677076,,,,,
France,2008,83560000,8880000,65930000,13970000,124320000,52540000,31250,74950000,6.3313546,,,,,
France,2009,85500000,7680000,65930000,13790000,122930000,41250000,31250,72740000,5.975608,,,,,
France,2010,83930000,7890000,65930000,13360000,123270000,45100000,31250,74390000,6.0316763,,,,,
France,2011,69960000,8069999.5,60540000,13610000,128160000,50630000,31250,64610000,5.6487603,,,,,
France,2012,76490000,7500000,60540000,12730000,127090000,48120000,31250,66379996,5.6588645,,,,,
France,2013,79130000,7300000,60540000,13180000,126070000,49200000,30000,63550000,5.662309,,,,,
France,2014,63660000,6980000,60550000,13050000,126220000,46580000,50000,49480000,5.1441264,,,,,
France,2015,66730004,6610000,60550000,12800000,127430000,45010000,50000,52550000,5.196383,,,,,
France,2016,67560000,6640000,61430000,11450000,127970000,46890000,30000,53290000,5.226494,,,,,
France,2017,67430000,6480000,61430000,11150000,128539990,41930000,30000,62160000,5.2609296,,,,,
France,2018,63250000,6700000,61420000,11310000,125650000,41090000,20000,58940000,5.0177007,,,,,
France,2019,61540000,6810000,61450000,11350000,125360000,39230000,20000,56260000,4.9128566,,,,,
France,2020,58310000,6200000,61450000,11720000,106480000,36750000,20000,47690000,4.342917,,,,,
Germany,1990,197260000,15300000,32750000,16230000,158600000,156150000,2135000,411760000,13.254084,,,,,
Germany,1991,195200000,13740000,32750000,18050000,161480000,133610000,1160000,409300000,12.704247,,,,,
Germany,1992,179910000,14440000,32750000,16190001,164060000,124770000,780000,392660000,12.038421,,,,,
Germany,1993,188150000,14530000,32759998,13090000,168670000,117550000,710000,384360000,11.862709,,,,,
Germany,1994,176050000,15340000,32770000,14160000,166040000,117940000,1450000,384910000,11.615575,,,,,
Germany,1995,177610000,15560000,32730000,15060000,167930000,116640000,2500000,379360000,11.570214,,,,,
Germany,1996,199230000,14810000,32790000,18270000,169050000,110520000,2470000,389989980,11.7920065,,,,,
Germany,1997,184400000,15270000,32800000,18370000,169800000,108200000,2460000,374140000,11.430682,,,,,
Germany,1998,176300000,15540000,32810002,17710000,172810000,106000000,2770000,374120000,11.319463,,,,,
Germany,1999,164500000,15770000,32890000,12060000,177660000,101690000,2870000,359050000,10.978242,,,,,
Germany,2000,161020000,15250000,32970002,11070000,173470000,102740000,2720000,364010020,11.027999,,,,,
Germany,2001,177110000,13500000,30000,11190000,169540000,96440000,2700000,377210000,11.239027,,,,,
Germany,2002,165000000,12820000,80000,11210000,167120000,95840000,2660000,378720000,11.04386,,,,,
Germany,2003,172830000,13510000,240000,1030000,164040000,98570000,2600000,384210000,11.071457,,,,,
Germany,2004,163120000,14070000,380000,970000,163990000,97070000,2380000,379480000,10.910218,,,,,
Germany,2005,159660000,13050000,370000,1070000,155630000,94770000,2400000,375800000,10.667155,,,,,
Germany,2006,168220000,13340000,380000,820000,153480000,96660000,2390000,379510000,10.815008,,,,,
Germany,2007,129440000,14450000,370000,580000,148380000,96050000,2330000,392570020,10.485129,,,,,
Germany,2008,153550000,13580000,390000,519999.97,148890000,99870000,2220000,371060000,10.521234,,,,,
Germany,2009,142640000,12560000,390000,519999.97,147060000,86870000,2060000,343100000,9.720574,,,,,
Germany,2010,149390000,12430000,390000,1310000,148120000,98350000,1790000,361680000,10.237197,,,,,
Germany,2011,128460010,13390000,11260000,1400000,149940000,97180000,1850000,354260000,9.934633,,,,,
Germany,2012,136000000,13290000,11260000,1220000,148510000,94250000,1700000,365160000,9.978385,,,,,
Germany,2013,146580000,12500000,11270000,1160000,152370000,93800000,2135000,369740000,10.176317,,,,,
Germany,2014,125790000,12900000,11300000,1250000,154570000,91250000,2135000,350250000,9.678314,,,,,
Germany,2015,129619990,12630000,11300000,1100000,157590000,95120000,2135000,346260000,9.6932535,,,,,
Germany,2016,133200000,12660000,11480000,1100000,161020000,93220000,2135000,345940000,9.720951,,,,,
Germany,2017,131570010,13410000,11490000,850000,163490000,95140000,2135000,327740000,9.50829,,,,,
Germany,2018,120860000,13230000,11490000,7280000,157660000,98340000,2135000,310400000,9.100585,,,,,
Germany,2019,122790000,13290000,11570000,7280000,160040000,93430000,2135000,261859980,8.504699,,,,,
Germany,2020,124030000,13360000,11570000,7250000,142310000,90930000,2135000,225460000,7.672972,,,,,
Japan,1990,120170000,38700000,75410000,18230000,211960000,262510020,1981747,438930000,9.36344,,,,,
Japan,1991,122000000,40350000,75410000,18650000,222330000,261049980,1981747,439580000,9.428065,,,,,
Japan,1992,126230000,41670000,75410000,18700000,227020000,256519980,1981747,444890020,9.47814,,,,,
Japan,1993,132320010,41220000,75460000,18210000,232120000,255040000,1981747,428680000,9.396468,,,,,
Japan,1994,129240010,42300000,75500000,17060000,244240000,257660000,1981747,470260000,9.810748,,,,,
Japan,1995,137590000,42140000,75470000,17260000,252450000,262670020,1981747,458869980,9.884957,,,,,
Japan,1996,136700000,42560000,75510000,20830000,258269980,261680000,1981747,464600000,9.9617,,,,,
Japan,1997,136790000,39930000,75520000,21090000,260470000,254980000,1981747,459350000,9.879865,,,,,
Japan,1998,140620000,35360000,75530000,20490000,259660000,231990000,1981747,442160000,9.542121,,,,,
Japan,1999,148500000,35010000,75520000,19950000,262000000,234960000,1981747,468530000,9.812611,,,,,
Japan,2000,151090000,35090000,75530000,20690000,261540020,239450000,1981747,476560000,9.972839,,,,,
Japan,2001,150740000,34370000,97220000,21490000,263620000,233890000,1981747,468230000,9.8373375,,,,,
Japan,2002,157960000,32419998,97240000,22800000,259120000,236390000,1981747,498070000,10.049841,,,,,
Japan,2003,152550000,31940000,97250000,23000000,256840000,233090000,1981747,516510000,10.099358,,,,,
Japan,2004,152410000,31280000,97240000,23540000,256790020,232230000,1981747,511029980,10.049845,,,,,
Japan,2005,153290000,32279998,97320000,22250000,254020000,234090000,1981747,519539970,10.098716,,,,,
Japan,2006,147430000,31990000,97380000,20850000,250130000,234630000,1981747,508010020,9.910887,,,,,
Japan,2007,142490000,30660000,97540000,20930000,242910000,231450000,1981747,559550000,10.182005,,,,,
Japan,2008,133940000,28550000,97620000,18060000,233810000,211460000,1981747,533020030,9.62292,,,,,
Japan,2009,124810000,25310000,97750000,20900000,227640000,199700000,1981747,504029980,9.0805645,,,,,
Japan,2010,126110000,24320000,97850000,18790000,228650000,211360000,1981747,548010000,9.484828,,,,,
Japan,2011,124790000,24980000,49220000,17300000,223030000,217870000,1981747,605800000,9.8825245,,,,,
Japan,2012,121310000,25620000,49290000,17160000,220700000,214030000,1981747,655510000,10.2162285,,,,,
Japan,2013,126430000,26810000,49350000,15860000,218030000,214830000,1981747,665410000,10.303727,,,,,
Japan,2014,120120000,26560000,49420000,15930000,211970000,208500000,1981747,634229950,9.9187765,,,,,
Japan,2015,115140000,25940000,49470000,17440000,211320000,200860000,1981747,607659970,9.615686,,,,,
Japan,2016,111610000,25970000,31770000,18170000,208900000,194220000,1981747,606010000,9.479893,,,,,
Japan,2017,116110000,26430000,31780000,17670000,207090000,194870000,1981747,588669950,9.382093,,,,,
Japan,2018,111120000,26180000,31780000,14930000,204620000,193940000,1981747,560330050,9.056306,,,,,
Japan,2019,108880000,25330000,31800000,15990000,200500000,186860000,1981747,536090020,8.792438,,,,,
Japan,2020,107390000,24490000,31800000,16570000,180710000,170550000,1981747,514360000,8.321498,,,,,
Russia,1990,288230000,20359310,352520000,93750000,298760000,251410000,65045862,1231390000,17.126806,,,,,
Russia,1991,276040000,20359310,352520000,89510000,293100000,216170000,65045862,1261620000,16.203733,,,,,
Russia,1992,205660000,26720000,352309980,54160000,280700000,200220000,44740000,1218610000,13.216354,,,,,
Russia,1993,204470000,21990000,352320000,83230000,235620000,174770000,58460000,1101710000,12.531723,,,,,
Russia,1994,182740000,16480000,352330000,48720000,207060000,143170000,72180000,1014700000,11.065991,,,,,
Russia,1995,165030000,16650000,352350000,49580000,190940000,184810000,70580000,957890000,10.897812,,,,,
Russia,1996,157040000,12720000,352410020,39050000,181470000,162060000,66800004,982040000,10.700508,,,,,
Russia,1997,152530000,12270000,352410020,35890000,166570000,149300000,62440000,910520000,10.015,,,,,
Russia,1998,145090000,11920000,352300000,23870000,196400000,133910000,69460000,907320000,9.917492,,,,,
Russia,1999,160820000,13170000,351810000,24140000,198050000,142480000,67570000,917490000,10.134327,,,,,
Russia,2000,162060000,15110000,351580000,27290000,189170000,165590000,74340000,930290000,10.066303,,,,,
Russia,2001,163860000,15860000,745979970,28020000,195640000,157880000,76640000,929270000,10.358041,,,,,
Russia,2002,146480000,17120000,745990000,27160000,198610000,159650000,82360000,933940030,10.340811,,,,,
Russia,2003,150430000,18670000,746070000,27310000,207550000,151780000,97430000,956820030,10.59212,,,,,
Russia,2004,143860000,20920000,746000000,25770000,222180000,153210000,91860000,943170000,10.680394,,,,,
Russia,2005,140740000,22260000,746070000,17540000,220890000,154880000,107830000,947840000,10.842018,,,,,
Russia,2006,145180000,24540000,746229950,15950000,229170000,152630000,92610000,994760000,11.289669,,,,,
Russia,2007,148050000,27640000,746380000,18340000,230710000,170990000,96780000,965640000,11.309478,,,,,
Russia,2008,155790000,23630000,746520000,18780000,245300000,172380000,77720000,961590000,11.5103,,,,,
Russia,2009,139910000,19750000,746660000,14740000,228320000,166230000,86240000,891480000,10.752071,,,,,
Russia,2010,137030000,22720000,746490000,13640000,244130000,178430000,65879996,956010000,11.352681,,,,,
Russia,2011,139220000,25130000,665000000,16660000,249690000,184010000,69210000,1015170000,11.713346,,,,,
Russia,2012,122480000,26330000,664680000,14100000,237320000,226310000,41480000,1007739970,11.798259,,,,,
Russia,2013,122370000,27280000,664710000,14220000,238700000,223860000,36870000,969390000,11.341706,,,,,
Russia,2014,138870000,26450000,664800000,16940000,241390000,247030000,33910000,907380030,11.3086,,,,,
Russia,2015,148760000,23170000,664770050,15250000,240610000,249980000,36310000,878480000,11.265164,,,,,
Russia,2016,156310000,20430000,536180000,14140000,240200000,259780000,41400000,839260000,11.196788,,,,,
Russia,2017,178410000,20510000,536080030,14620000,246060000,262090000,36860000,835990000,11.372466,,,,,
Russia,2018,217990000,20090000,535479970,14960000,258859980,250550000,39380000,859179970,11.674742,,,,,
Russia,2019,220460000,20310000,535080030,13890000,256100000,280460000,42950000,869410000,11.612027,,,,,
Russia,2020,210250000,20580000,534840030,13590000,234020000,273549980,46040000,820240000,11.154039,,,,,
Spain,1990,16190001,12280000,42730000,4210000,63210000,41050000,19469428,78000000,5.948293,,,,,
Spain,1991,18210000,11700000,42730000,4580000,65830000,42580000,19469428,79200000,6.1818576,,,,,
Spain,1992,18810000,10440000,42730000,4940000,69380000,39990000,19469428,88800000,6.375635,,,,,
Spain,1993,18000000,9910000,42730000,5120000,68390000,38450000,19469428,78210000,6.1211467,,,,,
Spain,1994,19030000,11500000,42730000,5340000,70700000,41750000,19469428,80140000,6.405348,,,,,
Spain,1995,18900000,12360000,42740000,5460000,71960000,42620000,19469428,89270000,6.7205915,,,,,
Spain,1996,19940000,12110000,42740000,5430000,76890000,38940000,19469428,76800000,6.376788,,,,,
Spain,1997,20010000,12750000,42740000,5360000,76830000,44490000,19469428,89170000,6.659769,,,,,
Spain,1998,20560000,13810000,42710000,4840000,84230000,44210000,19469428,88560000,6.8426285,,,,,
Spain,1999,21840000,14430000,42670000,5510000,88500000,41340000,19469428,106670000,7.392838,,,,,
Spain,2000,23650000,14730000,42670000,6470000,90460000,47190000,19469428,110820000,7.6500244,,,,,
Spain,2001,24440000,15010000,19200000,5950000,94630000,51200000,19469428,103570000,7.655548,,,,,
Spain,2002,24970000,15530000,19170000,5920000,96400000,51280000,19469428,118660000,8.046027,,,,,
Spain,2003,25630000,16040001,19170000,7780000,101380000,53990000,19469428,113830000,8.004824,,,,,
Spain,2004,27740000,16290001,19160000,8900000,105740000,54390000,19469428,122500000,8.259559,,,,,
Spain,2005,28740000,16790000,19160000,8260000,109510000,55170000,19469428,132030000,8.47116,,,,,
Spain,2006,27440000,16740000,19170000,10450000,113130000,43670000,19469428,130350010,8.129162,,,,,
Spain,2007,26790000,16820000,19170000,8950000,116100000,47940000,19469428,138070000,8.155138,,,,,
Spain,2008,25990000,14390000,19170000,7740000,109900000,44650000,19469428,121600000,7.3353877,,,,,
Spain,2009,25590000,11400000,19170000,7470000,101300000,37400000,19469428,104970000,6.4214387,,,,,
Spain,2010,27240000,11200000,19180000,8170000,98420000,39370000,19469428,89740000,6.104053,,,,,
Spain,2011,25090000,9520000,7890000,7450000,91960000,38470000,19469428,102980000,6.101796,,,,,
Spain,2012,24750000,8750000,7900000,7630000,82630000,35530000,19469428,110990000,5.9753714,,,,,
Spain,2013,23920000,7640000,7900000,8149999.5,81620000,34920000,19469428,87540000,5.4309855,,,,,
Spain,2014,22440000,8900000,7900000,7640000,82060000,32520000,19469428,88420000,5.497936,,,,,
Spain,2015,24250000,9220000,7900000,6750000,85110000,29400000,19469428,102530000,5.861658,,,,,
Spain,2016,24230000,9410000,13910000,6660000,88300000,31500000,19469428,88160000,5.621024,,,,,
Spain,2017,24050000,9450000,13920000,7110000,91160000,32930000,19469428,100030000,5.9044347,,,,,
Spain,2018,25410000,9670000,13920000,7510000,92310000,33580000,19469428,89900000,5.771329,,,,,
Spain,2019,23630000,9060000,13900000,7500000,93670000,33660000,19469428,74360000,5.343047,,,,,
Spain,2020,23030000,8189999.5,13900000,8040000,74030000,30770000,19469428,58640000,4.504277,,,,,
United Kingdom,1990,95660000,7300000,11950000,13870000,114970000,76960000,5090000,247920000,10.521594,,,,,
United Kingdom,1991,104020000,5990000,11950000,16530001,114360000,78990000,4560000,246230000,10.624451,,,,,
United Kingdom,1992,101330000,5460000,11950000,14060000,115830000,70580000,4910000,245730000,10.326097,,,,,
United Kingdom,1993,103600000,5530000,11950000,14010000,117000000,71580000,5230000,224420000,10.054433,,,,,
United Kingdom,1994,105410000,6370000,11940000,9290000,117380000,72560000,5590000,218600000,9.933512,,,,,
United Kingdom,1995,101370000,6290000,11930000,10840000,116330000,69210000,6730000,216050000,9.773094,,,,,
United Kingdom,1996,112490000,6420000,11850000,9080000,120850000,68050000,5250000,223330000,10.102876,,,,,
United Kingdom,1997,104240000,6710000,11540000,7840000,121950000,66870004,5590000,211000000,9.660194,,,,,
United Kingdom,1998,105920000,6840000,11540000,7840000,121190000,63540000,4630000,216040000,9.728953,,,,,
United Kingdom,1999,102040000,6530000,11500000,7610000,124730000,62450000,4270000,215120000,9.57871,,,,,
United Kingdom,2000,101920000,6330000,11430000,7740000,122950000,62320000,3990000,225630000,9.669214,,,,,
United Kingdom,2001,105180000,5840000,12980000,7680000,121900000,65960000,4120000,234590000,9.780857,,,,,
United Kingdom,2002,100620000,5990000,12950000,5830000,123170000,61500000,3620000,230050000,9.439251,,,,,
United Kingdom,2003,100990000,5870000,12910000,5330000,124570000,61140000,3700000,241430000,9.5829115,,,,,
United Kingdom,2004,104090000,5980000,12870000,5820000,125980000,58140000,3710000,239360000,9.557823,,,,,
United Kingdom,2005,99740000,5940000,12860000,6410000,127200000,55090000,3330000,243210000,9.4452305,,,,,
United Kingdom,2006,95490000,5890000,12860000,5580000,128850010,54360000,3270000,248620000,9.338998,,,,,
United Kingdom,2007,91270000,6120000,12840000,5230000,129550000,53410000,2650000,242280000,9.134187,,,,,
United Kingdom,2008,95960000,5210000,12840000,5100000,122740000,52120000,2230000,231980000,8.825938,,,,,
United Kingdom,2009,91090000,3720000,12830000,3510000,118320000,43110000,2690000,204060000,7.938317,,,,,
United Kingdom,2010,101860000,3790000,12840000,3940000,116850000,44880000,2020000,209300000,8.156536,,,,,
United Kingdom,2011,82310000,4100000,14480000,3900000,115400000,40170000,2320000,197460000,7.422031,,,,,
United Kingdom,2012,90460000,3720000,14480000,4290000,114910000,40210000,2610000,211620000,7.6396565,,,,,
United Kingdom,2013,91760000,4030000.2,14490000,4260000,114170000,40890000,2730000,195930000,7.4275928,,,,,
United Kingdom,2014,77700000,4220000,14480000,3860000,115640000,40570000,2720000,170890000,6.774484,,,,,
United Kingdom,2015,81540000,4390000,14480000,4150000,118820000,39160000,2660000,150350000,6.4770393,,,,,
United Kingdom,2016,86670000,4550000,12830000,6130000,121630000,33130002,2700000,127340000,6.0837545,,,,,
United Kingdom,2017,84270000,4410000,12830000,6080000,122090000,33580000,2720000,113690000,5.8634415,,,,,
United Kingdom,2018,86300000,4360000,12810000,5660000,120560000,33259998,2440000,107980000,5.7159815,,,,,
United Kingdom,2019,83670000,4450000,12810000,5690000,118530000,31710000,2240000,99650000,5.4621234,,,,,
United Kingdom,2020,83850000,3900000,12800000,5720000,94430000,29750000,2140000,88860000,4.8652816,,,,,
